"kabupaten_kota","tahun","ipm","kemiskinan"
"Bantaeng",2022,70.41,9.07
"Barru",2022,72.96,8.4
"Bone",2022,69.43,10.58
"Bulukumba",2022,72.75,7.39
"Enrekang",2022,74.61,12.39
"Gowa",2022,72.44,7.36
"Jeneponto",2022,68.13,13.73
"Kepulauan Selayar",2022,70.27,12.24
"Kota Makassar",2022,84.45,4.58
"Kota Palopo",2022,80.24,7.78
"Kota Parepare",2022,79.87,5.41
"Luwu",2022,72.42,12.49
"Luwu Timur",2022,75.41,6.81
"Luwu Utara",2022,72.48,13.22
"Maros",2022,72.92,9.43
"Pangkajene Dan Kepulauan",2022,72.41,13.92
"Pinrang",2022,73.9,8.79
"Sidenreng Rappang",2022,73.81,5.11
"Sinjai",2022,70.6,8.8
"Soppeng",2022,71.05,7.49
"Takalar",2022,70.86,8.25
"Tana Toraja",2022,70.16,12.18
"Toraja Utara",2022,70.83,11.65
"Wajo",2022,72.69,6.57
"Bantaeng",2023,71.28,9.18
"Barru",2023,73.8,8.46
"Bone",2023,70.25,10.53
"Bulukumba",2023,73.64,7.22
"Enrekang",2023,75.11,12.69
"Gowa",2023,73.01,7.42
"Jeneponto",2023,68.95,13.06
"Kepulauan Selayar",2023,71.13,12.27
"Kota Makassar",2023,84.85,5.07
"Kota Palopo",2023,80.77,7.69
"Kota Parepare",2023,80.36,5.34
"Luwu",2023,73.23,12.71
"Luwu Timur",2023,75.84,6.93
"Luwu Utara",2023,73.31,12.66
"Maros",2023,73.56,9.65
"Pangkajene Dan Kepulauan",2023,73.23,13.4
"Pinrang",2023,74.7,8.9
"Sidenreng Rappang",2023,74.38,5.14
"Sinjai",2023,71.2,8.55
"Soppeng",2023,71.94,7.48
"Takalar",2023,71.46,8.29
"Tana Toraja",2023,71.01,12.48
"Toraja Utara",2023,71.69,12.12
"Wajo",2023,73.56,6.73
"Bantaeng",2024,72.2,8.26
"Barru",2024,74.51,8.31
"Bone",2024,70.81,9.58
"Bulukumba",2024,74.43,6.71
"Enrekang",2024,75.83,11.25
"Gowa",2024,73.71,6.85
"Jeneponto",2024,69.45,11.82
"Kepulauan Selayar",2024,71.98,10.79
"Kota Makassar",2024,85.23,4.97
"Kota Palopo",2024,81.25,7.35
"Kota Parepare",2024,80.97,5.27
"Luwu",2024,73.86,11.7
"Luwu Timur",2024,76.44,6.55
"Luwu Utara",2024,74.04,11.24
"Maros",2024,74.04,9.32
"Pangkajene Dan Kepulauan",2024,73.87,12.41
"Pinrang",2024,75.43,8.55
"Sidenreng Rappang",2024,74.81,5.02
"Sinjai",2024,71.81,7.82
"Soppeng",2024,72.76,6.9
"Takalar",2024,72.06,7.75
"Tana Toraja",2024,71.94,10.79
"Toraja Utara",2024,72.31,10.73
"Wajo",2024,73.98,6.47
