kabupaten_kota,estimasi,batas_bawah,batas_atas,jumlah_pengamatan,B,tingkat_kepercayaan,indikator
kota makassar,4.873333333333333,4.58,5.07,3,1999,0.95,Kemiskinan
sidenreng rappang,5.09,5.02,5.14,3,1999,0.95,Kemiskinan
kota parepare,5.34,5.27,5.41,3,1999,0.95,Kemiskinan
wajo,6.59,6.47,6.73,3,1999,0.95,Kemiskinan
luwu timur,6.763333333333333,6.55,6.93,3,1999,0.95,Kemiskinan
bulukumba,7.1066666666666665,6.71,7.39,3,1999,0.95,Kemiskinan
gowa,7.21,6.85,7.42,3,1999,0.95,Kemiskinan
soppeng,7.29,6.9,7.49,3,1999,0.95,Kemiskinan
kota palopo,7.6066666666666665,7.35,7.78,3,1999,0.95,Kemiskinan
takalar,8.096666666666666,7.75,8.29,3,1999,0.95,Kemiskinan
barru,8.39,8.31,8.46,3,1999,0.95,Kemiskinan
sinjai,8.39,7.82,8.8,3,1999,0.95,Kemiskinan
pinrang,8.746666666666666,8.55,8.9,3,1999,0.95,Kemiskinan
bantaeng,8.836666666666666,8.26,9.18,3,1999,0.95,Kemiskinan
maros,9.466666666666667,9.32,9.65,3,1999,0.95,Kemiskinan
bone,10.23,9.58,10.58,3,1999,0.95,Kemiskinan
toraja utara,11.5,10.73,12.12,3,1999,0.95,Kemiskinan
kepulauan selayar,11.766666666666666,10.79,12.27,3,1999,0.95,Kemiskinan
tana toraja,11.816666666666666,10.79,12.48,3,1999,0.95,Kemiskinan
enrekang,12.11,11.25,12.69,3,1999,0.95,Kemiskinan
luwu,12.3,11.7,12.71,3,1999,0.95,Kemiskinan
luwu utara,12.373333333333333,11.24,13.22,3,1999,0.95,Kemiskinan
jeneponto,12.870000000000001,11.82,13.73,3,1999,0.95,Kemiskinan
pangkajene dan kepulauan,13.243333333333334,12.41,13.92,3,1999,0.95,Kemiskinan
