kabupaten_kota,estimasi,batas_bawah,batas_atas,jumlah_pengamatan,B,tingkat_kepercayaan,indikator,urutan
jeneponto,68.84333333333333,68.13,69.45,3,1999,0.95,IPM,1
bone,70.16333333333334,69.43,70.81,3,1999,0.95,IPM,2
tana toraja,71.03666666666666,70.16,71.94,3,1999,0.95,IPM,3
kepulauan selayar,71.12666666666667,70.27,71.98,3,1999,0.95,IPM,4
sinjai,71.20333333333333,70.6,71.81,3,1999,0.95,IPM,5
bantaeng,71.29666666666667,70.41,72.2,3,1999,0.95,IPM,6
takalar,71.46,70.86,72.06,3,1999,0.95,IPM,7
toraja utara,71.61,70.83,72.31,3,1999,0.95,IPM,8
soppeng,71.91666666666667,71.05,72.76,3,1999,0.95,IPM,9
gowa,73.05333333333333,72.44,73.71,3,1999,0.95,IPM,10
luwu,73.17,72.42,73.86,3,1999,0.95,IPM,11
pangkajene dan kepulauan,73.17,72.41,73.87,3,1999,0.95,IPM,12
luwu utara,73.27666666666667,72.48,74.04,3,1999,0.95,IPM,13
wajo,73.41,72.69,73.98,3,1999,0.95,IPM,14
maros,73.50666666666667,72.92,74.04,3,1999,0.95,IPM,15
bulukumba,73.60666666666667,72.75,74.43,3,1999,0.95,IPM,16
barru,73.75666666666666,72.96,74.51,3,1999,0.95,IPM,17
sidenreng rappang,74.33333333333333,73.81,74.81,3,1999,0.95,IPM,18
pinrang,74.67666666666668,73.9,75.43,3,1999,0.95,IPM,19
enrekang,75.18333333333334,74.61,75.83,3,1999,0.95,IPM,20
luwu timur,75.89666666666666,75.41,76.44,3,1999,0.95,IPM,21
kota parepare,80.4,79.87,80.97,3,1999,0.95,IPM,22
kota palopo,80.75333333333333,80.24,81.25,3,1999,0.95,IPM,23
kota makassar,84.84333333333333,84.45,85.23,3,1999,0.95,IPM,24
kota makassar,4.873333333333333,4.58,5.07,3,1999,0.95,Kemiskinan,1
sidenreng rappang,5.09,5.02,5.14,3,1999,0.95,Kemiskinan,2
kota parepare,5.34,5.27,5.41,3,1999,0.95,Kemiskinan,3
wajo,6.59,6.47,6.73,3,1999,0.95,Kemiskinan,4
luwu timur,6.763333333333333,6.55,6.93,3,1999,0.95,Kemiskinan,5
bulukumba,7.1066666666666665,6.71,7.39,3,1999,0.95,Kemiskinan,6
gowa,7.21,6.85,7.42,3,1999,0.95,Kemiskinan,7
soppeng,7.29,6.9,7.49,3,1999,0.95,Kemiskinan,8
kota palopo,7.6066666666666665,7.35,7.78,3,1999,0.95,Kemiskinan,9
takalar,8.096666666666666,7.75,8.29,3,1999,0.95,Kemiskinan,10
barru,8.39,8.31,8.46,3,1999,0.95,Kemiskinan,11
sinjai,8.39,7.82,8.8,3,1999,0.95,Kemiskinan,12
pinrang,8.746666666666666,8.55,8.9,3,1999,0.95,Kemiskinan,13
bantaeng,8.836666666666666,8.26,9.18,3,1999,0.95,Kemiskinan,14
maros,9.466666666666667,9.32,9.65,3,1999,0.95,Kemiskinan,15
bone,10.23,9.58,10.58,3,1999,0.95,Kemiskinan,16
toraja utara,11.5,10.73,12.12,3,1999,0.95,Kemiskinan,17
kepulauan selayar,11.766666666666666,10.79,12.27,3,1999,0.95,Kemiskinan,18
tana toraja,11.816666666666666,10.79,12.48,3,1999,0.95,Kemiskinan,19
enrekang,12.11,11.25,12.69,3,1999,0.95,Kemiskinan,20
luwu,12.3,11.7,12.71,3,1999,0.95,Kemiskinan,21
luwu utara,12.373333333333333,11.24,13.22,3,1999,0.95,Kemiskinan,22
jeneponto,12.870000000000001,11.82,13.73,3,1999,0.95,Kemiskinan,23
pangkajene dan kepulauan,13.243333333333334,12.41,13.92,3,1999,0.95,Kemiskinan,24
